"id","first_name","last_name","email","gender","city","country"
"1","Mureil","Beadell","mbeadell0@live.com","Female","Verkhniye Osel’ki","Russia"
"2","Clemente","Scahill","cscahill1@netlog.com","Male","Xinshi","China"
"3","Bronson","Morphey","bmorphey2@scientificamerican.com","Male","Lappeenranta","Finland"
"4","Gaby","Matveichev","gmatveichev3@myspace.com","Female","Naukšēni","Latvia"
"5","Jarid","Bartoleyn","jbartoleyn4@stumbleupon.com","Male","Kudusan","Indonesia"
"6","Lindsey","Glenn","lglenn5@alexa.com","Female","Kochi","India"
"7","Marilin","Hackelton","mhackelton6@va.gov","Female","Lemery","Philippines"
"8","Johnnie","Allewell","jallewell7@webs.com","Male","Kochi","Japan"
"9","Odilia","Monget","omonget8@merriam-webster.com","Female","Yashiro","Japan"
"10","Maryellen","McGauhy","mmcgauhy9@delicious.com","Female","Montecristi","Ecuador"
